timestamp,host,device,rows,skew,str_cols,rmm_pool,iter,time_s
2026-07-14T09:32:31.239994+00:00,e466071444e4,Tesla T4,10000000,0.0,0,default,0,0.278905
2026-07-14T09:32:31.239994+00:00,e466071444e4,Tesla T4,10000000,0.0,0,default,1,0.028125
2026-07-14T09:32:31.239994+00:00,e466071444e4,Tesla T4,10000000,0.0,0,default,2,0.028091
2026-07-14T09:32:31.239994+00:00,e466071444e4,Tesla T4,10000000,0.0,0,default,3,0.028879
2026-07-14T09:32:31.239994+00:00,e466071444e4,Tesla T4,10000000,0.0,0,default,4,0.026262
2026-07-14T09:32:31.239994+00:00,e466071444e4,Tesla T4,10000000,0.0,0,default,5,0.026174
2026-07-14T09:32:31.239994+00:00,e466071444e4,Tesla T4,10000000,0.0,0,default,6,0.031795
2026-07-14T09:32:31.239994+00:00,e466071444e4,Tesla T4,10000000,0.0,0,default,7,0.028098
2026-07-14T09:32:31.239994+00:00,e466071444e4,Tesla T4,10000000,0.0,0,default,8,0.02757
2026-07-14T09:32:31.239994+00:00,e466071444e4,Tesla T4,10000000,0.0,0,default,9,0.031988
2026-07-14T09:32:31.239994+00:00,e466071444e4,Tesla T4,10000000,0.0,0,default,10,0.038156
2026-07-14T09:32:31.239994+00:00,e466071444e4,Tesla T4,10000000,0.0,0,default,11,0.038991
2026-07-14T09:32:37.766738+00:00,e466071444e4,Tesla T4,10000000,1.5,0,default,0,0.090139
2026-07-14T09:32:37.766738+00:00,e466071444e4,Tesla T4,10000000,1.5,0,default,1,0.046151
2026-07-14T09:32:37.766738+00:00,e466071444e4,Tesla T4,10000000,1.5,0,default,2,0.045183
2026-07-14T09:32:37.766738+00:00,e466071444e4,Tesla T4,10000000,1.5,0,default,3,0.044481
2026-07-14T09:32:37.766738+00:00,e466071444e4,Tesla T4,10000000,1.5,0,default,4,0.045155
2026-07-14T09:32:37.766738+00:00,e466071444e4,Tesla T4,10000000,1.5,0,default,5,0.044238
2026-07-14T09:32:37.766738+00:00,e466071444e4,Tesla T4,10000000,1.5,0,default,6,0.036097
2026-07-14T09:32:37.766738+00:00,e466071444e4,Tesla T4,10000000,1.5,0,default,7,0.028491
2026-07-14T09:32:37.766738+00:00,e466071444e4,Tesla T4,10000000,1.5,0,default,8,0.029177
2026-07-14T09:32:37.766738+00:00,e466071444e4,Tesla T4,10000000,1.5,0,default,9,0.028182
2026-07-14T09:32:37.766738+00:00,e466071444e4,Tesla T4,10000000,1.5,0,default,10,0.029064
2026-07-14T09:32:37.766738+00:00,e466071444e4,Tesla T4,10000000,1.5,0,default,11,0.028312
2026-07-14T09:32:49.040590+00:00,e466071444e4,Tesla T4,10000000,0.0,2,default,0,0.116276
2026-07-14T09:32:49.040590+00:00,e466071444e4,Tesla T4,10000000,0.0,2,default,1,0.030217
2026-07-14T09:32:49.040590+00:00,e466071444e4,Tesla T4,10000000,0.0,2,default,2,0.029183
2026-07-14T09:32:49.040590+00:00,e466071444e4,Tesla T4,10000000,0.0,2,default,3,0.029278
2026-07-14T09:32:49.040590+00:00,e466071444e4,Tesla T4,10000000,0.0,2,default,4,0.027299
2026-07-14T09:32:49.040590+00:00,e466071444e4,Tesla T4,10000000,0.0,2,default,5,0.027184
2026-07-14T09:32:49.040590+00:00,e466071444e4,Tesla T4,10000000,0.0,2,default,6,0.026129
2026-07-14T09:32:49.040590+00:00,e466071444e4,Tesla T4,10000000,0.0,2,default,7,0.026329
2026-07-14T09:32:49.040590+00:00,e466071444e4,Tesla T4,10000000,0.0,2,default,8,0.026093
2026-07-14T09:32:49.040590+00:00,e466071444e4,Tesla T4,10000000,0.0,2,default,9,0.026522
2026-07-14T09:32:49.040590+00:00,e466071444e4,Tesla T4,10000000,0.0,2,default,10,0.025981
2026-07-14T09:32:49.040590+00:00,e466071444e4,Tesla T4,10000000,0.0,2,default,11,0.025758
2026-07-14T09:33:00.694606+00:00,e466071444e4,Tesla T4,10000000,1.5,2,default,0,0.103297
2026-07-14T09:33:00.694606+00:00,e466071444e4,Tesla T4,10000000,1.5,2,default,1,0.047622
2026-07-14T09:33:00.694606+00:00,e466071444e4,Tesla T4,10000000,1.5,2,default,2,0.047837
2026-07-14T09:33:00.694606+00:00,e466071444e4,Tesla T4,10000000,1.5,2,default,3,0.047456
2026-07-14T09:33:00.694606+00:00,e466071444e4,Tesla T4,10000000,1.5,2,default,4,0.048066
2026-07-14T09:33:00.694606+00:00,e466071444e4,Tesla T4,10000000,1.5,2,default,5,0.032996
2026-07-14T09:33:00.694606+00:00,e466071444e4,Tesla T4,10000000,1.5,2,default,6,0.033488
2026-07-14T09:33:00.694606+00:00,e466071444e4,Tesla T4,10000000,1.5,2,default,7,0.032983
2026-07-14T09:33:00.694606+00:00,e466071444e4,Tesla T4,10000000,1.5,2,default,8,0.033422
2026-07-14T09:33:00.694606+00:00,e466071444e4,Tesla T4,10000000,1.5,2,default,9,0.032978
2026-07-14T09:33:00.694606+00:00,e466071444e4,Tesla T4,10000000,1.5,2,default,10,0.033286
2026-07-14T09:33:00.694606+00:00,e466071444e4,Tesla T4,10000000,1.5,2,default,11,0.029062
2026-07-14T09:33:11.960232+00:00,e466071444e4,Tesla T4,10000000,0.0,2,prealloc,0,0.06335
2026-07-14T09:33:11.960232+00:00,e466071444e4,Tesla T4,10000000,0.0,2,prealloc,1,0.021531
2026-07-14T09:33:11.960232+00:00,e466071444e4,Tesla T4,10000000,0.0,2,prealloc,2,0.021558
2026-07-14T09:33:11.960232+00:00,e466071444e4,Tesla T4,10000000,0.0,2,prealloc,3,0.021348
2026-07-14T09:33:11.960232+00:00,e466071444e4,Tesla T4,10000000,0.0,2,prealloc,4,0.021301
2026-07-14T09:33:11.960232+00:00,e466071444e4,Tesla T4,10000000,0.0,2,prealloc,5,0.021394
2026-07-14T09:33:11.960232+00:00,e466071444e4,Tesla T4,10000000,0.0,2,prealloc,6,0.02126
2026-07-14T09:33:11.960232+00:00,e466071444e4,Tesla T4,10000000,0.0,2,prealloc,7,0.021267
2026-07-14T09:33:11.960232+00:00,e466071444e4,Tesla T4,10000000,0.0,2,prealloc,8,0.017005
2026-07-14T09:33:11.960232+00:00,e466071444e4,Tesla T4,10000000,0.0,2,prealloc,9,0.016303
2026-07-14T09:33:11.960232+00:00,e466071444e4,Tesla T4,10000000,0.0,2,prealloc,10,0.016201
2026-07-14T09:33:11.960232+00:00,e466071444e4,Tesla T4,10000000,0.0,2,prealloc,11,0.016164
2026-07-14T09:33:24.127973+00:00,e466071444e4,Tesla T4,10000000,1.5,2,prealloc,0,0.087588
2026-07-14T09:33:24.127973+00:00,e466071444e4,Tesla T4,10000000,1.5,2,prealloc,1,0.041607
2026-07-14T09:33:24.127973+00:00,e466071444e4,Tesla T4,10000000,1.5,2,prealloc,2,0.041821
2026-07-14T09:33:24.127973+00:00,e466071444e4,Tesla T4,10000000,1.5,2,prealloc,3,0.041423
2026-07-14T09:33:24.127973+00:00,e466071444e4,Tesla T4,10000000,1.5,2,prealloc,4,0.037717
2026-07-14T09:33:24.127973+00:00,e466071444e4,Tesla T4,10000000,1.5,2,prealloc,5,0.027135
2026-07-14T09:33:24.127973+00:00,e466071444e4,Tesla T4,10000000,1.5,2,prealloc,6,0.02729
2026-07-14T09:33:24.127973+00:00,e466071444e4,Tesla T4,10000000,1.5,2,prealloc,7,0.027146
2026-07-14T09:33:24.127973+00:00,e466071444e4,Tesla T4,10000000,1.5,2,prealloc,8,0.02732
2026-07-14T09:33:24.127973+00:00,e466071444e4,Tesla T4,10000000,1.5,2,prealloc,9,0.027048
2026-07-14T09:33:24.127973+00:00,e466071444e4,Tesla T4,10000000,1.5,2,prealloc,10,0.027485
2026-07-14T09:33:24.127973+00:00,e466071444e4,Tesla T4,10000000,1.5,2,prealloc,11,0.0275
